AVERAGE of Likes,PostType,,,
Platform,Image,Link,Video,Grand Total
Facebook,555.893617,468.6875,505,509.081761
Instagram,502.64,459.3396226,461.5357143,473.7295597
LinkedIn,449.4285714,473.8157895,487.0666667,471.0952381
Twitter,537.6956522,543.3508772,522.9152542,534.3024691
Grand Total,510.4947917,488.8673469,494.7364017,497.7272727